-1.807206645190212457e-01,3.618549682393429889e-01,-2.204069426472516635e-01,4.014017441103546191e-01,-3.001185039364048235e-01,-1.536163530647104869e+00,-5.886049317190982233e-01,-9.959215461833897942e-01,6.209204205650663555e-01,-3.413280743931446093e-01,-5.539117094069971881e-01,-3.723088252863993586e-01,-4.020151261036848389e-01,-5.270462766947299205e-01,-4.448782605013045233e-01,-1.100699078558014188e+00,-9.245748805139686333e-01,3.683034517168483624e-01,6.391274370269031113e-01,2.195744748555996106e-01,-9.953859289253698395e-02,-2.545875386086577929e-01,-6.074928962939559751e-01,1.202833534051282571e+00,-3.413280743931444983e-01,-3.413280743931445538e-01,-2.346185661017325674e-01
-8.157155565660559882e-01,1.142635103906016053e-01,3.589669945693504949e-01,-1.421769322051107398e+00,2.099137772303387162e-01,7.720960280033366541e-01,8.930094902710214999e-01,1.197093971792338785e+00,-1.610512340840640766e+00,-3.413280743931446093e-01,1.805341867696879987e+00,-3.723088252863993586e-01,2.487468592766549857e+00,1.897366596101027758e+00,-4.448782605013045233e-01,-1.100699078558014188e+00,-9.245748805139686333e-01,1.223300108726151914e+00,1.320100154056803143e+00,-1.126027635833171114e+00,-1.016761203681138426e+00,-2.545875386086577929e-01,1.646109783506203295e+00,-8.313702367707394014e-01,-3.413280743931444983e-01,-3.413280743931445538e-01,-2.346185661017325674e-01
4.046045364768098285e-01,2.243269887824330233e+00,1.343608814560973030e+00,-1.156662079114064490e+00,1.461330785249243869e+00,-1.032398873160979891e+00,2.877493190198994119e-02,9.576906637392802457e-01,-1.610512340840640766e+00,-3.413280743931446093e-01,-5.539117094069971881e-01,2.685942239566167178e+00,-4.020151261036848389e-01,-5.270462766947299205e-01,2.247805947796065240e+00,9.085135251589957495e-01,-9.245748805139686333e-01,1.764416127064066253e-01,6.391274370269031113e-01,4.718748706097443124e-01,-9.433833948180501139e-01,-2.545875386086577929e-01,1.646109783506203295e+00,-8.313702367707394014e-01,-3.413280743931444983e-01,-3.413280743931445538e-01,-2.346185661017325674e-01
-8.922431791838998372e-01,9.231156365184843837e-01,6.088939385976019913e-01,-1.108654731298503560e+00,1.986095284633010216e+00,-8.719912881081171019e-01,-4.453222329947501001e-01,8.395098129190503577e-01,-1.610512340840640766e+00,-3.413280743931446093e-01,1.805341867696879987e+00,-3.723088252863993586e-01,-4.020151261036848389e-01,-5.270462766947299205e-01,-4.448782605013045233e-01,-1.100699078558014188e+00,-9.245748805139686333e-01,1.223717693001635354e+00,6.391274370269031113e-01,-6.214268443248819329e-01,5.975505913068002162e-01,-2.545875386086577929e-01,1.646109783506203295e+00,-8.313702367707394014e-01,-3.413280743931444983e-01,-3.413280743931445538e-01,-2.346185661017325674e-01
4.800363583704204129e-01,-9.648430217382762963e-01,7.407804630039901417e-01,4.820225343151723907e-01,-6.639720983936188148e-01,-4.279848684115192259e-01,-3.009049427646662833e-01,-8.380097926055992685e-01,6.209204205650663555e-01,-3.413280743931446093e-01,-5.539117094069971881e-01,-3.723088252863993586e-01,-4.020151261036848389e-01,-5.270462766947299205e-01,-4.448782605013045233e-01,9.085135251589957495e-01,1.081578162110680363e+00,-2.158055883922344390e-02,5.937292558915763241e-01,-1.168260528165928624e-01,3.407282602859918463e-01,-2.545875386086577929e-01,-6.074928962939559751e-01,1.202833534051282571e+00,-3.413280743931444983e-01,-3.413280743931445538e-01,-2.346185661017325674e-01
-3.547853654165201154e-01,-4.576832632424496228e-01,3.953228767827433182e-02,-1.346433847838190756e+00,-5.617791302793009312e-01,1.227578923137297329e+00,9.225088694201519779e-01,1.197093971792338785e+00,-1.610512340840640766e+00,-3.413280743931446093e-01,1.805341867696879987e+00,-3.723088252863993586e-01,2.487468592766549857e+00,1.897366596101027758e+00,-4.448782605013045233e-01,-1.100699078558014188e+00,-9.245748805139686333e-01,1.223300108726151914e+00,1.320100154056803143e+00,-1.126027635833171114e+00,-1.016761203681138426e+00,-2.545875386086577929e-01,1.646109783506203295e+00,-8.313702367707394014e-01,-3.413280743931444983e-01,-3.413280743931445538e-01,-2.346185661017325674e-01
3.694686234522736035e-01,1.176254311760999843e-01,6.425269825993746853e-01,-7.577551611366001305e-02,-3.183034123308924324e-01,-1.036427148923377395e+00,-4.971892732569575535e-01,-1.091513269114225526e+00,6.209204205650663555e-01,-3.413280743931446093e-01,-5.539117094069971881e-01,-3.723088252863993586e-01,-4.020151261036848389e-01,-5.270462766947299205e-01,-4.448782605013045233e-01,9.085135251589957495e-01,1.081578162110680363e+00,4.551350827254482256e-01,1.002312886109516299e+00,-1.336277965628291708e+00,-7.232499682287857334e-01,-2.545875386086577929e-01,-6.074928962939559751e-01,1.202833534051282571e+00,-3.413280743931444983e-01,-3.413280743931445538e-01,-2.346185661017325674e-01
1.477654279118108260e-01,8.671936863096911807e-01,-1.155533887920296987e+00,2.855192188550931820e-01,-3.557612150921857230e-01,-1.100764467528528190e+00,-5.954124807535130515e-01,-5.820025605568164284e-01,6.209204205650663555e-01,-3.413280743931446093e-01,-5.539117094069971881e-01,-3.723088252863993586e-01,-4.020151261036848389e-01,-5.270462766947299205e-01,-4.448782605013045233e-01,9.085135251589957495e-01,1.081578162110680363e+00,4.321569917809484074e-01,9.434926340298355196e-02,-5.373267124068337175e-01,-9.953859289253698395e-02,-2.545875386086577929e-01,-6.074928962939559751e-01,1.202833534051282571e+00,-3.413280743931444983e-01,-3.413280743931445538e-01,-2.346185661017325674e-01
1.056296872289723687e+00,7.556199402409369270e-01,6.569434074894410225e-01,5.770793368560782621e-01,-2.644869633429338673e-01,-8.120234155595269510e-01,-6.114588463346334324e-01,-1.481874556665775167e+00,6.209204205650663555e-01,-3.413280743931446093e-01,-5.539117094069971881e-01,-3.723088252863993586e-01,-4.020151261036848389e-01,-5.270462766947299205e-01,-4.448782605013045233e-01,9.085135251589957495e-01,1.081578162110680363e+00,-3.790038668381321862e+00,-9.044107215742032135e-01,7.662253323229126778e-01,4.874838780121677484e-01,-2.545875386086577929e-01,-6.074928962939559751e-01,1.202833534051282571e+00,-3.413280743931444983e-01,-3.413280743931445538e-01,-2.346185661017325674e-01
9.832021878782655211e-01,1.021237947301509186e+00,4.950081425223551435e-01,6.020465385193114471e-01,-3.865356754520865579e-01,-4.578948159473215651e-01,-6.077309028157872328e-01,-1.481874556665775167e+00,6.209204205650663555e-01,-3.413280743931446093e-01,-5.539117094069971881e-01,-3.723088252863993586e-01,-4.020151261036848389e-01,-5.270462766947299205e-01,-4.448782605013045233e-01,9.085135251589957495e-01,1.081578162110680363e+00,-3.790038668381321862e+00,-9.044107215742032135e-01,7.662253323229126778e-01,4.874838780121677484e-01,-2.545875386086577929e-01,-6.074928962939559751e-01,1.202833534051282571e+00,-3.413280743931444983e-01,-3.413280743931445538e-01,-2.346185661017325674e-01
-8.742922331092962684e-01,2.626783050671169240e-01,-1.755368058923189478e+00,-7.800635933627927399e-01,5.637423580854633576e-01,2.154458644365906672e-01,-6.351231834542655497e-01,5.381268320732431748e-02,-1.610512340840640766e+00,-3.413280743931446093e-01,1.805341867696879987e+00,-3.723088252863993586e-01,-4.020151261036848389e-01,1.897366596101027758e+00,-4.448782605013045233e-01,9.085135251589957495e-01,-9.245748805139686333e-01,-6.648579687291925611e-01,-7.682161781682234070e-01,3.457246727326719338e-01,-1.090139012544226516e+00,-2.545875386086577929e-01,-6.074928962939559751e-01,1.202833534051282571e+00,-3.413280743931444983e-01,-3.413280743931445538e-01,-2.346185661017325674e-01
1.970115775646677225e-01,-2.328642208955869819e+00,1.055864454575455025e-01,-5.251964153823397430e-01,-1.398196101244287837e+00,9.368114018306828994e-01,-3.808126016686296245e-01,1.421955573846314991e+00,6.209204205650663555e-01,-3.413280743931446093e-01,-5.539117094069971881e-01,-3.723088252863993586e-01,-4.020151261036848389e-01,1.897366596101027758e+00,2.247805947796065240e+00,-1.100699078558014188e+00,-9.245748805139686333e-01,4.583619852295849895e-01,-3.142343668149567559e-01,-7.477598685756874086e-02,-1.383650247996578875e+00,-2.545875386086577929e-01,-6.074928962939559751e-01,-8.313702367707394014e-01,-3.413280743931444983e-01,-3.413280743931445538e-01,4.262237284181475516e+00
2.055702268815079448e-01,4.834762730193054026e-01,-9.943925344637633001e-01,-2.944169190459213770e-01,-1.276706016440959601e+00,-4.110818047903430639e-01,-6.053362804949848075e-02,2.890911550405177888e+00,-1.610512340840640766e+00,-3.413280743931446093e-01,1.805341867696879987e+00,-3.723088252863993586e-01,-4.020151261036848389e-01,-5.270462766947299205e-01,-4.448782605013045233e-01,-1.100699078558014188e+00,-9.245748805139686333e-01,1.149034999697823523e+00,-2.234380045443033480e-01,-1.083977569874146951e+00,3.040393558544478014e-01,-2.545875386086577929e-01,1.646109783506203295e+00,-8.313702367707394014e-01,-3.413280743931444983e-01,-3.413280743931445538e-01,-2.346185661017325674e-01
1.580745179984061055e+00,4.919069186254565462e-01,4.776448307797591109e-01,1.317032856347309933e+00,-1.005645407398330970e+00,-1.100642603723950730e+00,-5.039968222913724372e-01,-2.815704070039136697e-01,6.209204205650663555e-01,-3.413280743931446093e-01,-5.539117094069971881e-01,-3.723088252863993586e-01,-4.020151261036848389e-01,-5.270462766947299205e-01,-4.448782605013045233e-01,9.085135251589957495e-01,1.081578162110680363e+00,6.977873637938869500e-01,-5.866234536269165911e-01,3.877747386916960415e-01,7.076173046014324619e-01,3.927922024247863853e+00,-6.074928962939559751e-01,-8.313702367707394014e-01,-3.413280743931444983e-01,-3.413280743931445538e-01,-2.346185661017325674e-01
3.050167137243741111e-01,-4.977784787643800835e-01,-4.635710844838354383e-01,-9.018746533184981429e-01,-9.035681301000743071e-01,-8.582179998655729003e-01,2.034653785938123419e-02,1.040882074474305474e+00,6.209204205650663555e-01,-3.413280743931446093e-01,-5.539117094069971881e-01,-3.723088252863993586e-01,-4.020151261036848389e-01,-5.270462766947299205e-01,-4.448782605013045233e-01,-1.100699078558014188e+00,-9.245748805139686333e-01,-1.858370871151169501e+00,5.029328936209231937e-01,-5.793767783658577697e-01,-6.498721593656976436e-01,-2.545875386086577929e-01,-6.074928962939559751e-01,-8.313702367707394014e-01,-3.413280743931444983e-01,2.929732638541157730e+00,-2.346185661017325674e-01
-2.536820283085500574e-02,-1.516198030560143684e+00,-4.768529623263413342e-01,-7.652331544601449487e-01,-1.406197603943324104e-01,-8.154934873948491703e-01,-6.464690985116234856e-01,1.357446452840804563e+00,6.209204205650663555e-01,-3.413280743931446093e-01,-5.539117094069971881e-01,-3.723088252863993586e-01,-4.020151261036848389e-01,-5.270462766947299205e-01,2.247805947796065240e+00,-1.100699078558014188e+00,-9.245748805139686333e-01,7.873084149954217015e-01,5.029328936209231937e-01,-7.475770422019543116e-01,-9.433833948180501139e-01,-2.545875386086577929e-01,-6.074928962939559751e-01,-8.313702367707394014e-01,2.929732638541157730e+00,-3.413280743931445538e-01,-2.346185661017325674e-01
2.675555514909770949e-01,-5.850510330014145888e-01,-1.910289178703378665e+00,1.581000129168453672e+00,-5.034164541927212966e-01,-3.191063292335720170e-01,-5.184223428642987797e-01,-1.377521702869553277e-01,6.209204205650663555e-01,-3.413280743931446093e-01,-5.539117094069971881e-01,-3.723088252863993586e-01,-4.020151261036848389e-01,-5.270462766947299205e-01,-4.448782605013045233e-01,9.085135251589957495e-01,1.081578162110680363e+00,-4.428601908117738711e-02,-3.596325479502833211e-01,-1.294227899669267545e+00,1.624839915390033696e+00,-2.545875386086577929e-01,-6.074928962939559751e-01,1.202833534051282571e+00,-3.413280743931444983e-01,-3.413280743931445538e-01,-2.346185661017325674e-01
7.861666741838444494e-01,6.024424244516285443e-01,-2.136423125065304296e-01,7.601984441575619922e-01,-8.514165387675610708e-01,3.563779693239033652e-01,-6.458574056998346580e-02,-6.039669733522730066e-01,6.209204205650663555e-01,2.929732638541158174e+00,-5.539117094069971881e-01,2.685942239566167178e+00,2.487468592766549857e+00,1.897366596101027758e+00,-4.448782605013045233e-01,9.085135251589957495e-01,-9.245748805139686333e-01,-4.223523269777364475e-01,-9.498089027095300008e-01,-3.270763826117135120e-01,2.285240195157826726e+00,-2.545875386086577929e-01,-6.074928962939559751e-01,-8.313702367707394014e-01,-3.413280743931444983e-01,2.929732638541157730e+00,-2.346185661017325674e-01
-4.262557235077233386e-01,3.456757244591285305e-01,-1.505908460536980797e+00,-3.704647515426848781e-01,4.750708164331581516e-03,-1.599894366188666928e-01,-4.294379519144491120e-01,-4.314322542479429035e-01,6.209204205650663555e-01,-3.413280743931446093e-01,-5.539117094069971881e-01,-3.723088252863993586e-01,-4.020151261036848389e-01,-5.270462766947299205e-01,-4.448782605013045233e-01,9.085135251589957495e-01,1.081578162110680363e+00,3.506384216933457892e-02,-1.040605264980183353e+00,1.607226651503394166e+00,-6.498721593656976436e-01,-2.545875386086577929e-01,-6.074928962939559751e-01,1.202833534051282571e+00,-3.413280743931444983e-01,-3.413280743931445538e-01,-2.346185661017325674e-01
-7.209432123505004064e-01,-1.124394179016757978e+00,7.320751602819093318e-01,-8.942267531662721758e-02,6.975646326807906084e-01,9.594683977514344431e-01,1.739414753549919590e+00,2.815154298170230440e-01,6.209204205650663555e-01,2.929732638541158174e+00,-5.539117094069971881e-01,-3.723088252863993586e-01,-4.020151261036848389e-01,-5.270462766947299205e-01,-4.448782605013045233e-01,9.085135251589957495e-01,-9.245748805139686333e-01,4.725931393523691293e-01,1.002312886109516299e+00,-5.373267124068337175e-01,-7.232499682287857334e-01,-2.545875386086577929e-01,-6.074928962939559751e-01,-8.313702367707394014e-01,2.929732638541157730e+00,-3.413280743931445538e-01,-2.346185661017325674e-01
4.488997575285688102e-01,8.569328239122822044e-01,3.512597520319685751e-01,-3.647587138797878104e-01,-1.602345932095827208e-01,-1.134601983932668201e+00,-6.456586760075264664e-01,-8.380097926055992685e-01,6.209204205650663555e-01,-3.413280743931446093e-01,-5.539117094069971881e-01,-3.723088252863993586e-01,-4.020151261036848389e-01,-5.270462766947299205e-01,-4.448782605013045233e-01,9.085135251589957495e-01,1.081578162110680363e+00,-2.082596919271794966e-01,-5.866234536269165911e-01,2.405995078351116645e-01,1.205948336967273132e-01,-2.545875386086577929e-01,-6.074928962939559751e-01,1.202833534051282571e+00,-3.413280743931444983e-01,-3.413280743931445538e-01,-2.346185661017325674e-01
-1.970080841652251669e-01,1.383948927047462751e+00,9.115417834232374117e-02,1.489072444055586697e+00,1.306137357626207862e+00,7.294538517185250592e-01,1.962082212484283217e-01,1.180968920125649690e+00,-1.610512340840640766e+00,-3.413280743931446093e-01,1.805341867696879987e+00,-3.723088252863993586e-01,-4.020151261036848389e-01,-5.270462766947299205e-01,-4.448782605013045233e-01,-1.100699078558014188e+00,-9.245748805139686333e-01,1.228089897282513165e+00,-7.682161781682234070e-01,-1.546528295423412080e+00,2.248551290726283014e+00,-2.545875386086577929e-01,1.646109783506203295e+00,-8.313702367707394014e-01,-3.413280743931444983e-01,-3.413280743931445538e-01,-2.346185661017325674e-01
-1.080452360482350826e+00,-1.683558649663275508e+00,-3.340194603385943095e-01,-5.154296623056213722e-01,-3.488447328395818947e-01,4.130040171838920138e-01,3.980034247685791393e-01,1.739854444404520306e+00,-1.610512340840640766e+00,-3.413280743931446093e-01,1.805341867696879987e+00,-3.723088252863993586e-01,-4.020151261036848389e-01,-5.270462766947299205e-01,-4.448782605013045233e-01,-1.100699078558014188e+00,-9.245748805139686333e-01,1.122619317916422998e+00,-4.958270913562634608e-01,3.877747386916960415e-01,-2.096053061871692436e-01,-2.545875386086577929e-01,1.646109783506203295e+00,-8.313702367707394014e-01,-3.413280743931444983e-01,-3.413280743931445538e-01,-2.346185661017325674e-01
1.053956580775881058e+00,1.569879203729858397e-01,1.069807637225765440e+00,1.054388072602278070e+00,-1.114009724515302668e+00,-3.039715217262788371e-01,-5.038347377905529889e-01,-6.039669733522730066e-01,6.209204205650663555e-01,2.929732638541158174e+00,-5.539117094069971881e-01,2.685942239566167178e+00,2.487468592766549857e+00,1.897366596101027758e+00,-4.448782605013045233e-01,9.085135251589957495e-01,-9.245748805139686333e-01,-4.223523269777364475e-01,-9.498089027095300008e-01,-3.270763826117135120e-01,2.285240195157826726e+00,-2.545875386086577929e-01,-6.074928962939559751e-01,-8.313702367707394014e-01,-3.413280743931444983e-01,2.929732638541157730e+00,-2.346185661017325674e-01
1.031680953669650069e+00,4.322451846857319757e-01,5.719908729449360019e-01,7.507569548937156334e-01,-4.957274104723776720e-01,-3.769544002450123110e-01,-1.329853999157696309e-01,-1.481874556665775167e+00,6.209204205650663555e-01,-3.413280743931446093e-01,-5.539117094069971881e-01,-3.723088252863993586e-01,-4.020151261036848389e-01,-5.270462766947299205e-01,-4.448782605013045233e-01,9.085135251589957495e-01,1.081578162110680363e+00,-3.790038668381321862e+00,-9.044107215742032135e-01,7.662253323229126778e-01,4.874838780121677484e-01,-2.545875386086577929e-01,-6.074928962939559751e-01,1.202833534051282571e+00,-3.413280743931444983e-01,-3.413280743931445538e-01,-2.346185661017325674e-01
-3.617770023818892011e-02,9.684452849667178898e-01,-1.031899182540956694e+00,-6.408704580238478998e-01,5.287465911854564299e-02,-4.503849589902805262e-01,-6.203734938797003107e-01,-2.271809726352908843e-01,6.209204205650663555e-01,-3.413280743931446093e-01,-5.539117094069971881e-01,-3.723088252863993586e-01,-4.020151261036848389e-01,-5.270462766947299205e-01,-4.448782605013045233e-01,-1.100699078558014188e+00,1.081578162110680363e+00,-9.468098276422351467e-02,-1.222197989521490058e+00,1.943627179175587028e+00,-1.729164017556251987e-01,-2.545875386086577929e-01,-6.074928962939559751e-01,1.202833534051282571e+00,-3.413280743931444983e-01,-3.413280743931445538e-01,-2.346185661017325674e-01
-7.618446953040192149e-01,-6.455656071404002327e-01,-1.559914606086693967e+00,-1.262683940205331812e+00,-2.650698129709622153e-01,-6.398146267170286006e-01,-5.540809330445664038e-01,-2.668637624697958177e-01,6.209204205650663555e-01,-3.413280743931446093e-01,-5.539117094069971881e-01,-3.723088252863993586e-01,-4.020151261036848389e-01,-5.270462766947299205e-01,-4.448782605013045233e-01,9.085135251589957495e-01,-9.245748805139686333e-01,-9.909026819165124567e-02,-1.040605264980183353e+00,2.574378168560948144e+00,-3.563609239133453954e-01,-2.545875386086577929e-01,-6.074928962939559751e-01,1.202833534051282571e+00,-3.413280743931444983e-01,-3.413280743931445538e-01,-2.346185661017325674e-01
8.351393242315999776e-01,2.328149930896755981e-01,8.828792818002243470e-01,8.459796486082050704e-01,-3.643291046242035369e-01,-1.023464732987948045e+00,-6.040029592969411443e-01,-8.380097926055992685e-01,6.209204205650663555e-01,-3.413280743931446093e-01,-5.539117094069971881e-01,-3.723088252863993586e-01,-4.020151261036848389e-01,-5.270462766947299205e-01,-4.448782605013045233e-01,9.085135251589957495e-01,1.081578162110680363e+00,-2.158055883922344390e-02,5.937292558915763241e-01,-1.168260528165928624e-01,3.407282602859918463e-01,-2.545875386086577929e-01,-6.074928962939559751e-01,1.202833534051282571e+00,-3.413280743931444983e-01,-3.413280743931445538e-01,-2.346185661017325674e-01
-1.761609660341515005e+00,-1.371215196685491522e+00,-1.715611994899425730e+00,-9.996803056232744789e-01,3.417932197322379184e-01,3.223532016608712247e+00,1.455928961616791861e+00,-6.641078707554928240e-01,6.209204205650663555e-01,-3.413280743931446093e-01,-5.539117094069971881e-01,-3.723088252863993586e-01,-4.020151261036848389e-01,1.897366596101027758e+00,2.247805947796065240e+00,-1.100699078558014188e+00,-9.245748805139686333e-01,-4.539655431847555156e-01,1.047711067244843086e+00,-1.210127767751219219e+00,-9.066944903865059580e-01,-2.545875386086577929e-01,-6.074928962939559751e-01,-8.313702367707394014e-01,-3.413280743931444983e-01,-3.413280743931445538e-01,4.262237284181475516e+00
-2.353131682316876305e-01,-3.714009670829399590e-01,9.810135494605559670e-01,-1.182552238943048284e+00,7.123923272178336319e-01,1.410033283474851351e-01,-8.063210615110388835e-02,1.173508302194810060e+00,6.209204205650663555e-01,-3.413280743931446093e-01,-5.539117094069971881e-01,-3.723088252863993586e-01,-4.020151261036848389e-01,1.897366596101027758e+00,2.247805947796065240e+00,-1.100699078558014188e+00,-9.245748805139686333e-01,1.969002925680916616e-01,1.002312886109516299e+00,-9.157773060380502983e-01,-3.196720194818013505e-01,-2.545875386086577929e-01,-6.074928962939559751e-01,-8.313702367707394014e-01,2.929732638541157730e+00,-3.413280743931445538e-01,-2.346185661017325674e-01
-1.051597128574032619e-01,6.027019845122751907e-01,-8.805389523249598227e-01,-6.141352972799170029e-01,-1.445365098946832516e-01,-1.737465061133057209e-01,-6.069204803116903246e-01,-2.271809726352908843e-01,6.209204205650663555e-01,-3.413280743931446093e-01,-5.539117094069971881e-01,-3.723088252863993586e-01,-4.020151261036848389e-01,-5.270462766947299205e-01,-4.448782605013045233e-01,-1.100699078558014188e+00,1.081578162110680363e+00,-9.468098276422351467e-02,-1.222197989521490058e+00,1.943627179175587028e+00,-1.729164017556251987e-01,-2.545875386086577929e-01,-6.074928962939559751e-01,1.202833534051282571e+00,-3.413280743931444983e-01,-3.413280743931445538e-01,-2.346185661017325674e-01
3.980713237580911779e-01,6.371607217941885892e-01,-8.907408435341499509e-01,-6.072926210075633158e-01,-3.542705952776124129e-02,-1.009132260625636102e+00,-6.341506764493491932e-01,-2.271809726352908843e-01,6.209204205650663555e-01,-3.413280743931446093e-01,-5.539117094069971881e-01,-3.723088252863993586e-01,-4.020151261036848389e-01,-5.270462766947299205e-01,-4.448782605013045233e-01,-1.100699078558014188e+00,1.081578162110680363e+00,-9.468098276422351467e-02,-1.222197989521490058e+00,1.943627179175587028e+00,-1.729164017556251987e-01,-2.545875386086577929e-01,-6.074928962939559751e-01,1.202833534051282571e+00,-3.413280743931444983e-01,-3.413280743931445538e-01,-2.346185661017325674e-01
5.740406031038673973e-01,-1.778242451785763567e+00,6.142616572379864248e-01,-6.097919647352113559e-01,-8.595078630154849852e-01,5.704757484368130349e-01,-1.221257383608698455e-01,1.421955573846314991e+00,6.209204205650663555e-01,-3.413280743931446093e-01,-5.539117094069971881e-01,-3.723088252863993586e-01,-4.020151261036848389e-01,1.897366596101027758e+00,2.247805947796065240e+00,-1.100699078558014188e+00,-9.245748805139686333e-01,4.583619852295849895e-01,-3.142343668149567559e-01,-7.477598685756874086e-02,-1.383650247996578875e+00,-2.545875386086577929e-01,-6.074928962939559751e-01,-8.313702367707394014e-01,-3.413280743931444983e-01,-3.413280743931445538e-01,4.262237284181475516e+00
-1.490842347834293813e+00,5.341884285043592140e-01,-5.920734658708037834e-01,-3.777909020173378374e-02,3.151439279964210805e+00,6.359403072342975083e-01,3.119240109025457119e+00,9.576906637392802457e-01,-1.610512340840640766e+00,-3.413280743931446093e-01,-5.539117094069971881e-01,2.685942239566167178e+00,-4.020151261036848389e-01,-5.270462766947299205e-01,2.247805947796065240e+00,9.085135251589957495e-01,-9.245748805139686333e-01,1.764416127064066253e-01,6.391274370269031113e-01,4.718748706097443124e-01,-9.433833948180501139e-01,-2.545875386086577929e-01,1.646109783506203295e+00,-8.313702367707394014e-01,-3.413280743931444983e-01,-3.413280743931445538e-01,-2.346185661017325674e-01
1.128114173866806569e+00,9.428369039834232357e-01,5.052382594154999351e-01,3.513723440294881650e-02,-9.208922144285499600e-01,-1.077975936072678387e+00,-6.161592968583959884e-01,-5.820025605568164284e-01,6.209204205650663555e-01,-3.413280743931446093e-01,-5.539117094069971881e-01,-3.723088252863993586e-01,-4.020151261036848389e-01,-5.270462766947299205e-01,-4.448782605013045233e-01,9.085135251589957495e-01,1.081578162110680363e+00,4.321569917809484074e-01,9.434926340298355196e-02,-5.373267124068337175e-01,-9.953859289253698395e-02,-2.545875386086577929e-01,-6.074928962939559751e-01,1.202833534051282571e+00,-3.413280743931444983e-01,-3.413280743931445538e-01,-2.346185661017325674e-01
-6.624193030550393213e-02,8.679991464978850102e-01,-6.820652258576497262e-01,-4.571860059769610740e-01,6.777618127513868052e-02,-3.528552837435735418e-02,-4.294379519144491120e-01,-2.271809726352908843e-01,6.209204205650663555e-01,-3.413280743931446093e-01,-5.539117094069971881e-01,-3.723088252863993586e-01,-4.020151261036848389e-01,-5.270462766947299205e-01,-4.448782605013045233e-01,-1.100699078558014188e+00,1.081578162110680363e+00,-9.468098276422351467e-02,-1.222197989521490058e+00,1.943627179175587028e+00,-1.729164017556251987e-01,-2.545875386086577929e-01,-6.074928962939559751e-01,1.202833534051282571e+00,-3.413280743931444983e-01,-3.413280743931445538e-01,-2.346185661017325674e-01
-3.959236433645966224e-01,1.967814250551934152e-01,7.000903170124966879e-01,-1.564365650714342859e+00,-1.682091717099916672e-01,1.469319735647774738e+00,-2.963665767417231200e-01,1.197093971792338785e+00,-1.610512340840640766e+00,-3.413280743931446093e-01,1.805341867696879987e+00,-3.723088252863993586e-01,2.487468592766549857e+00,1.897366596101027758e+00,-4.448782605013045233e-01,-1.100699078558014188e+00,-9.245748805139686333e-01,1.223300108726151914e+00,1.320100154056803143e+00,-1.126027635833171114e+00,-1.016761203681138426e+00,-2.545875386086577929e-01,1.646109783506203295e+00,-8.313702367707394014e-01,-3.413280743931444983e-01,-3.413280743931445538e-01,-2.346185661017325674e-01
1.122020584642084762e+00,2.976023064675128310e-02,9.187124148202474583e-01,1.501036716574565943e+00,-4.803356089227949766e-01,2.358484455325304124e-02,-2.536129137168908684e-02,-2.815704070039136697e-01,6.209204205650663555e-01,-3.413280743931446093e-01,-5.539117094069971881e-01,-3.723088252863993586e-01,-4.020151261036848389e-01,-5.270462766947299205e-01,-4.448782605013045233e-01,9.085135251589957495e-01,1.081578162110680363e+00,6.977873637938869500e-01,-5.866234536269165911e-01,3.877747386916960415e-01,7.076173046014324619e-01,3.927922024247863853e+00,-6.074928962939559751e-01,-8.313702367707394014e-01,-3.413280743931444983e-01,-3.413280743931445538e-01,-2.346185661017325674e-01
3.373991713553385896e-01,9.782112322484920464e-01,-1.683936558323424759e-01,-4.632809268556225407e-02,1.855167308211875046e-02,-5.033880974933744312e-01,-5.971954102625264271e-01,-1.177560799749653997e+00,6.209204205650663555e-01,-3.413280743931446093e-01,-5.539117094069971881e-01,-3.723088252863993586e-01,-4.020151261036848389e-01,-5.270462766947299205e-01,-4.448782605013045233e-01,9.085135251589957495e-01,1.081578162110680363e+00,-1.277703076044875430e-01,-8.136143593035499721e-01,1.691326783421442270e+00,-5.764943505026096648e-01,-2.545875386086577929e-01,-6.074928962939559751e-01,1.202833534051282571e+00,-3.413280743931444983e-01,-3.413280743931445538e-01,-2.346185661017325674e-01
-1.249835507880876051e+00,-1.158783827051760751e+00,-9.580715190710142881e-01,-1.496427191649677857e+00,5.000972902385210361e-02,2.589778027304579511e-01,1.988538631309334503e+00,5.298639454764332291e-01,-1.610512340840640766e+00,-3.413280743931446093e-01,1.805341867696879987e+00,-3.723088252863993586e-01,-4.020151261036848389e-01,-5.270462766947299205e-01,-4.448782605013045233e-01,-1.100699078558014188e+00,-9.245748805139686333e-01,5.920798238853529627e-01,2.818240131522583347e+00,-1.588578361382436022e+00,-1.310272439133490785e+00,-2.545875386086577929e-01,1.646109783506203295e+00,-8.313702367707394014e-01,-3.413280743931444983e-01,-3.413280743931445538e-01,-2.346185661017325674e-01
4.261781132351440959e-01,-7.466123387495600117e-01,2.256483330090491290e-01,5.631639675878489237e-01,-1.051730298928371665e+00,-5.494891747647527858e-01,-5.860115797059879394e-01,-6.039669733522730066e-01,6.209204205650663555e-01,2.929732638541158174e+00,-5.539117094069971881e-01,2.685942239566167178e+00,2.487468592766549857e+00,1.897366596101027758e+00,-4.448782605013045233e-01,9.085135251589957495e-01,-9.245748805139686333e-01,-4.223523269777364475e-01,-9.498089027095300008e-01,-3.270763826117135120e-01,2.285240195157826726e+00,-2.545875386086577929e-01,-6.074928962939559751e-01,-8.313702367707394014e-01,-3.413280743931444983e-01,2.929732638541157730e+00,-2.346185661017325674e-01
1.417362309772518980e+00,5.200903737818327599e-01,4.371562968165272345e-01,8.185022035820788133e-01,-7.623238099117872757e-01,-8.924861686706833108e-01,-6.511695490353860416e-01,-6.039669733522730066e-01,6.209204205650663555e-01,2.929732638541158174e+00,-5.539117094069971881e-01,2.685942239566167178e+00,2.487468592766549857e+00,1.897366596101027758e+00,-4.448782605013045233e-01,9.085135251589957495e-01,-9.245748805139686333e-01,-4.223523269777364475e-01,-9.498089027095300008e-01,-3.270763826117135120e-01,2.285240195157826726e+00,-2.545875386086577929e-01,-6.074928962939559751e-01,-8.313702367707394014e-01,-3.413280743931444983e-01,2.929732638541157730e+00,-2.346185661017325674e-01
8.126100758712513361e-01,-2.566333962679616110e-01,1.510950238861836548e+00,4.012045308270742461e-01,-8.560793357917888535e-01,-2.470577398832607685e-01,-5.882807627174594378e-01,-6.039669733522730066e-01,6.209204205650663555e-01,2.929732638541158174e+00,-5.539117094069971881e-01,2.685942239566167178e+00,2.487468592766549857e+00,1.897366596101027758e+00,-4.448782605013045233e-01,9.085135251589957495e-01,-9.245748805139686333e-01,-4.223523269777364475e-01,-9.498089027095300008e-01,-3.270763826117135120e-01,2.285240195157826726e+00,-2.545875386086577929e-01,-6.074928962939559751e-01,-8.313702367707394014e-01,-3.413280743931444983e-01,2.929732638541157730e+00,-2.346185661017325674e-01
-2.237008398874027471e-01,1.374220358014968113e-01,-1.258293244261476096e-01,-7.405652529562414266e-01,-8.395126922468866271e-01,-1.069042093029686502e-01,5.406011402981610037e-02,9.579361753354775910e-01,-1.610512340840640766e+00,-3.413280743931446093e-01,1.805341867696879987e+00,-3.723088252863993586e-01,-4.020151261036848389e-01,-5.270462766947299205e-01,-4.448782605013045233e-01,-1.100699078558014188e+00,-9.245748805139686333e-01,2.744408792772785183e-02,2.636647406981276642e+00,-1.083977569874146951e+00,-9.433833948180501139e-01,-2.545875386086577929e-01,1.646109783506203295e+00,-8.313702367707394014e-01,-3.413280743931444983e-01,-3.413280743931445538e-01,-2.346185661017325674e-01
-2.497870770022786735e-01,-7.965559642368671422e-01,-9.613836823647045615e-02,5.002504444255037597e-02,5.637847471493199203e-01,4.648641439795394570e-01,-4.323554729291982368e-01,-1.926638106427248920e-01,6.209204205650663555e-01,-3.413280743931446093e-01,-5.539117094069971881e-01,-3.723088252863993586e-01,-4.020151261036848389e-01,-5.270462766947299205e-01,2.247805947796065240e+00,-1.100699078558014188e+00,-9.245748805139686333e-01,4.206622577237102978e-01,1.774081965410069683e+00,-7.055269762429301483e-01,-7.966277770918738232e-01,-2.545875386086577929e-01,-6.074928962939559751e-01,-8.313702367707394014e-01,2.929732638541157730e+00,-3.413280743931445538e-01,-2.346185661017325674e-01
-2.805268433115208349e-01,-3.695203926435520758e-01,-9.498503181906581272e-01,-8.474710935878576601e-01,5.701289147754744907e-02,-1.035333759787869568e+00,-6.568425065640649541e-01,-4.733978238093423663e-01,6.209204205650663555e-01,-3.413280743931446093e-01,-5.539117094069971881e-01,-3.723088252863993586e-01,-4.020151261036848389e-01,-5.270462766947299205e-01,-4.448782605013045233e-01,9.085135251589957495e-01,1.081578162110680363e+00,-2.158055883922344390e-02,-4.958270913562634608e-01,1.396976321708274460e+00,-1.016761203681138426e+00,-2.545875386086577929e-01,-6.074928962939559751e-01,1.202833534051282571e+00,-3.413280743931444983e-01,-3.413280743931445538e-01,-2.346185661017325674e-01
1.016953480990973935e+00,-1.724593046010260977e-01,1.801818245355363279e+00,6.194407501045978703e-01,-8.316462793848372614e-01,-3.736872241148319479e-02,-5.099939488216901351e-01,-8.380097926055992685e-01,6.209204205650663555e-01,-3.413280743931446093e-01,-5.539117094069971881e-01,-3.723088252863993586e-01,-4.020151261036848389e-01,-5.270462766947299205e-01,-4.448782605013045233e-01,9.085135251589957495e-01,1.081578162110680363e+00,-2.158055883922344390e-02,5.937292558915763241e-01,-1.168260528165928624e-01,3.407282602859918463e-01,-2.545875386086577929e-01,-6.074928962939559751e-01,1.202833534051282571e+00,-3.413280743931444983e-01,-3.413280743931445538e-01,-2.346185661017325674e-01
-3.498319586476663079e-01,-1.141330730473915533e+00,-6.588741885104557605e-01,-3.749283455209207472e-01,2.063098236970295485e-01,-5.268430716305021466e-01,-1.498421880009870311e-01,1.357446452840804563e+00,6.209204205650663555e-01,-3.413280743931446093e-01,-5.539117094069971881e-01,-3.723088252863993586e-01,-4.020151261036848389e-01,-5.270462766947299205e-01,2.247805947796065240e+00,-1.100699078558014188e+00,-9.245748805139686333e-01,7.873084149954217015e-01,5.029328936209231937e-01,-7.475770422019543116e-01,-9.433833948180501139e-01,-2.545875386086577929e-01,-6.074928962939559751e-01,-8.313702367707394014e-01,2.929732638541157730e+00,-3.413280743931445538e-01,-2.346185661017325674e-01
3.251229378934767378e-01,-6.503589707603498749e-01,1.117423425204020049e+00,1.000900543288717914e+00,-6.607081404766596000e-01,3.296690623492924965e-01,-2.799960421589638981e-01,-8.380097926055992685e-01,6.209204205650663555e-01,-3.413280743931446093e-01,-5.539117094069971881e-01,-3.723088252863993586e-01,-4.020151261036848389e-01,-5.270462766947299205e-01,-4.448782605013045233e-01,9.085135251589957495e-01,1.081578162110680363e+00,-2.158055883922344390e-02,5.937292558915763241e-01,-1.168260528165928624e-01,3.407282602859918463e-01,-2.545875386086577929e-01,-6.074928962939559751e-01,1.202833534051282571e+00,-3.413280743931444983e-01,-3.413280743931445538e-01,-2.346185661017325674e-01
-1.069400633441239812e+00,2.333140282062722282e-01,8.421667434327901880e-01,-9.972743035672597678e-01,2.183947754078888970e+00,2.210564529357225361e+00,-5.944399737485965840e-01,5.309347985454490604e-02,-1.610512340840640766e+00,-3.413280743931446093e-01,1.805341867696879987e+00,-3.723088252863993586e-01,-4.020151261036848389e-01,-5.270462766947299205e-01,-4.448782605013045233e-01,-1.100699078558014188e+00,-9.245748805139686333e-01,9.386517436707554340e-01,1.229303791786149791e+00,-1.083977569874146951e+00,-9.433833948180501139e-01,-2.545875386086577929e-01,1.646109783506203295e+00,-8.313702367707394014e-01,-3.413280743931444983e-01,-3.413280743931445538e-01,-2.346185661017325674e-01
9.384937886751407721e-01,9.611173482545746216e-01,7.647339074367175416e-01,1.295093458621490834e+00,-4.648706654591074350e-01,-6.429221537337354020e-01,-6.312331554346000129e-01,-1.142944742530506153e+00,6.209204205650663555e-01,-3.413280743931446093e-01,-5.539117094069971881e-01,-3.723088252863993586e-01,-4.020151261036848389e-01,-5.270462766947299205e-01,-4.448782605013045233e-01,9.085135251589957495e-01,1.081578162110680363e+00,-2.158055883922344390e-02,-4.958270913562634608e-01,9.342427697852774549e-02,2.673504514229037010e-01,-2.545875386086577929e-01,-6.074928962939559751e-01,1.202833534051282571e+00,-3.413280743931444983e-01,-3.413280743931445538e-01,-2.346185661017325674e-01
-8.727301361318808015e-02,5.856328205241325691e-01,5.677654975831579465e-02,-1.162341821672525199e+00,-6.746965315493422821e-01,-6.325637303447128046e-01,-5.882807627174594378e-01,3.870822685056886647e-01,-1.610512340840640766e+00,-3.413280743931446093e-01,1.805341867696879987e+00,-3.723088252863993586e-01,-4.020151261036848389e-01,-5.270462766947299205e-01,-4.448782605013045233e-01,-1.100699078558014188e+00,-9.245748805139686333e-01,-3.440549543621317097e-02,-1.086003446115510140e+00,1.733376849380466433e+00,2.306615469913595451e-01,-2.545875386086577929e-01,1.646109783506203295e+00,-8.313702367707394014e-01,-3.413280743931444983e-01,-3.413280743931445538e-01,-2.346185661017325674e-01
1.366461645210377496e+00,8.208171897597249522e-01,1.147632568294399302e+00,9.363230536787212621e-01,-6.249378261622290376e-01,-1.345667191940415730e+00,-6.286398034214896180e-01,-8.380097926055992685e-01,6.209204205650663555e-01,-3.413280743931446093e-01,-5.539117094069971881e-01,-3.723088252863993586e-01,-4.020151261036848389e-01,-5.270462766947299205e-01,-4.448782605013045233e-01,9.085135251589957495e-01,1.081578162110680363e+00,-2.158055883922344390e-02,5.937292558915763241e-01,-1.168260528165928624e-01,3.407282602859918463e-01,-2.545875386086577929e-01,-6.074928962939559751e-01,1.202833534051282571e+00,-3.413280743931444983e-01,-3.413280743931445538e-01,-2.346185661017325674e-01
-1.000913989328601872e+00,-1.638067659034489809e+00,-7.613832866470410243e-01,-7.263821376540074981e-01,4.829593996407230416e-01,9.178332904072238341e-01,8.905782227587305533e-01,9.096489235301314924e-01,6.209204205650663555e-01,-3.413280743931446093e-01,-5.539117094069971881e-01,-3.723088252863993586e-01,-4.020151261036848389e-01,-5.270462766947299205e-01,-4.448782605013045233e-01,-1.100699078558014188e+00,1.081578162110680363e+00,6.416002389526501704e-01,-2.688361856796300797e-01,9.342427697852774549e-02,-2.616078402944881087e-02,-2.545875386086577929e-01,-6.074928962939559751e-01,-8.313702367707394014e-01,2.929732638541157730e+00,-3.413280743931445538e-01,-2.346185661017325674e-01
7.024000452529851612e-01,1.942656890827858529e-01,7.683151822171003786e-01,2.657006630139461922e+00,-2.959402720931270103e-01,-3.569687362944283238e-01,-5.497046515224427443e-01,-4.596526299686208294e-01,6.209204205650663555e-01,-3.413280743931446093e-01,-5.539117094069971881e-01,-3.723088252863993586e-01,-4.020151261036848389e-01,-5.270462766947299205e-01,-4.448782605013045233e-01,9.085135251589957495e-01,1.081578162110680363e+00,-3.622435127234200913e-01,-1.131401627250836706e+00,1.775244088965754752e-01,5.975505913068002162e-01,-2.545875386086577929e-01,-6.074928962939559751e-01,1.202833534051282571e+00,-3.413280743931444983e-01,-3.413280743931445538e-01,-2.346185661017325674e-01
-9.852271679729078524e-02,7.981450055613614758e-01,-9.011053146829230975e-01,-9.789516725253022411e-01,6.056716636340929716e-01,-8.790942070034474254e-01,-4.002627417669574195e-01,-3.459465871762261724e-01,-1.610512340840640766e+00,-3.413280743931446093e-01,-5.539117094069971881e-01,-3.723088252863993586e-01,-4.020151261036848389e-01,-5.270462766947299205e-01,-4.448782605013045233e-01,9.085135251589957495e-01,1.081578162110680363e+00,-3.271867561653710177e-01,-9.044107215742032135e-01,2.490278036642899817e+00,-2.829831150502572501e-01,-2.545875386086577929e-01,-6.074928962939559751e-01,1.202833534051282571e+00,-3.413280743931444983e-01,-3.413280743931445538e-01,-2.346185661017325674e-01
2.520755639573652451e-01,7.503249150037755166e-01,8.816400237375588977e-01,1.388178128329597527e+00,9.782650135392824131e-01,1.253275809520963402e-01,-1.253674283772578946e-01,-5.333197866509632457e-01,-1.610512340840640766e+00,2.929732638541158174e+00,1.805341867696879987e+00,-3.723088252863993586e-01,-4.020151261036848389e-01,-5.270462766947299205e-01,-4.448782605013045233e-01,-1.100699078558014188e+00,-9.245748805139686333e-01,1.491287055125559979e-01,-4.184528000299656686e-02,-6.214268443248819329e-01,5.608616868752561713e-01,-2.545875386086577929e-01,1.646109783506203295e+00,-8.313702367707394014e-01,-3.413280743931444983e-01,-3.413280743931445538e-01,-2.346185661017325674e-01
7.103816007409752276e-01,5.291455473261106324e-01,6.184626425905709324e-01,1.078290322535801371e+00,-2.630492675937969316e-01,4.632999174172560131e-01,2.579624160606190930e-01,-6.039669733522730066e-01,6.209204205650663555e-01,2.929732638541158174e+00,-5.539117094069971881e-01,2.685942239566167178e+00,2.487468592766549857e+00,1.897366596101027758e+00,-4.448782605013045233e-01,9.085135251589957495e-01,-9.245748805139686333e-01,-4.223523269777364475e-01,-9.498089027095300008e-01,-3.270763826117135120e-01,2.285240195157826726e+00,-2.545875386086577929e-01,-6.074928962939559751e-01,-8.313702367707394014e-01,-3.413280743931444983e-01,2.929732638541157730e+00,-2.346185661017325674e-01
7.991939382504356093e-01,-2.071995647179473987e-01,6.500744050418225672e-01,1.447499883940186027e+00,-3.462984799547829118e-01,-1.349560309490033423e-02,-4.908679777250010146e-01,-6.257001344406714072e-01,6.209204205650663555e-01,-3.413280743931446093e-01,-5.539117094069971881e-01,-3.723088252863993586e-01,-4.020151261036848389e-01,-5.270462766947299205e-01,-4.448782605013045233e-01,9.085135251589957495e-01,1.081578162110680363e+00,3.401864780230623997e-01,-7.682161781682234070e-01,6.400751344458402992e-01,7.809951134645205517e-01,3.927922024247863853e+00,-6.074928962939559751e-01,-8.313702367707394014e-01,-3.413280743931444983e-01,-3.413280743931445538e-01,-2.346185661017325674e-01
1.079743943871808165e+00,2.214527514349337312e-01,-2.465006716982747204e-01,5.987570209542033561e-01,-1.120366671124999769e+00,-3.814755473948086006e-01,-6.104863393297170759e-01,-8.380097926055992685e-01,6.209204205650663555e-01,-3.413280743931446093e-01,-5.539117094069971881e-01,-3.723088252863993586e-01,-4.020151261036848389e-01,-5.270462766947299205e-01,-4.448782605013045233e-01,9.085135251589957495e-01,1.081578162110680363e+00,-2.158055883922344390e-02,5.937292558915763241e-01,-1.168260528165928624e-01,3.407282602859918463e-01,-2.545875386086577929e-01,-6.074928962939559751e-01,1.202833534051282571e+00,-3.413280743931444983e-01,-3.413280743931445538e-01,-2.346185661017325674e-01
-1.626226004087903965e+00,-1.795132395732030650e+00,-1.086335048447971241e+00,-3.706912238192616033e-02,8.315423338435929956e-01,9.311553738214383147e-01,2.686312407336844288e+00,1.357446452840804563e+00,6.209204205650663555e-01,-3.413280743931446093e-01,-5.539117094069971881e-01,-3.723088252863993586e-01,-4.020151261036848389e-01,-5.270462766947299205e-01,2.247805947796065240e+00,-1.100699078558014188e+00,-9.245748805139686333e-01,7.873084149954217015e-01,5.029328936209231937e-01,-7.475770422019543116e-01,-9.433833948180501139e-01,-2.545875386086577929e-01,-6.074928962939559751e-01,-8.313702367707394014e-01,2.929732638541157730e+00,-3.413280743931445538e-01,-2.346185661017325674e-01
-7.676354974865190472e-01,6.345907919629648619e-01,-8.561158325111990486e-01,-3.788528898581899340e-01,4.607786217197912038e+00,-7.838807903201143457e-02,1.033860921483078732e+00,9.576906637392802457e-01,-1.610512340840640766e+00,-3.413280743931446093e-01,-5.539117094069971881e-01,2.685942239566167178e+00,-4.020151261036848389e-01,-5.270462766947299205e-01,2.247805947796065240e+00,9.085135251589957495e-01,-9.245748805139686333e-01,1.764416127064066253e-01,6.391274370269031113e-01,4.718748706097443124e-01,-9.433833948180501139e-01,-2.545875386086577929e-01,1.646109783506203295e+00,-8.313702367707394014e-01,-3.413280743931444983e-01,-3.413280743931445538e-01,-2.346185661017325674e-01
-7.501353526555817330e-01,-4.344034145626650412e-02,2.240348023771226438e-01,6.779575411409863306e-02,-5.223979237455136371e-01,1.067059327355327714e+00,-5.239332158921583549e-01,9.051005665804781053e-01,-1.610512340840640766e+00,-3.413280743931446093e-01,1.805341867696879987e+00,-3.723088252863993586e-01,-4.020151261036848389e-01,-5.270462766947299205e-01,-4.448782605013045233e-01,-1.100699078558014188e+00,-9.245748805139686333e-01,5.450290522759297929e-01,-1.326416422736500511e-01,-8.737272400790261351e-01,2.306615469913595451e-01,-2.545875386086577929e-01,1.646109783506203295e+00,-8.313702367707394014e-01,-3.413280743931444983e-01,-3.413280743931445538e-01,-2.346185661017325674e-01
-1.313636231373738417e+00,-9.534615190790340922e-01,1.101727696396059830e-01,-7.490879603356311867e-01,1.157549559120825799e+00,1.058161153930174514e+00,8.558921395833792856e-01,1.173508302194810060e+00,6.209204205650663555e-01,-3.413280743931446093e-01,-5.539117094069971881e-01,-3.723088252863993586e-01,-4.020151261036848389e-01,1.897366596101027758e+00,2.247805947796065240e+00,-1.100699078558014188e+00,-9.245748805139686333e-01,1.969002925680916616e-01,1.002312886109516299e+00,-9.157773060380502983e-01,-3.196720194818013505e-01,-2.545875386086577929e-01,-6.074928962939559751e-01,-8.313702367707394014e-01,2.929732638541157730e+00,-3.413280743931445538e-01,-2.346185661017325674e-01
-1.871369963147070381e+00,-1.508108408670037370e+00,-2.705770869800901313e+00,-1.007726607581094891e+00,2.863059351439312672e-01,2.276944759241877225e+00,2.171532032734435624e+00,1.679310681702364638e+00,-1.610512340840640766e+00,-3.413280743931446093e-01,1.805341867696879987e+00,-3.723088252863993586e-01,-4.020151261036848389e-01,-5.270462766947299205e-01,-4.448782605013045233e-01,-1.100699078558014188e+00,-9.245748805139686333e-01,-1.565348989334951479e+00,1.138507429515496439e+00,-1.756778625218532452e+00,-1.090139012544226516e+00,-2.545875386086577929e-01,1.646109783506203295e+00,-8.313702367707394014e-01,-3.413280743931444983e-01,-3.413280743931445538e-01,-2.346185661017325674e-01
1.005258331485140433e+00,-8.465013608476849860e-02,1.933462383716895383e+00,6.121044159665859352e-01,-6.005580588641258322e-01,-5.455529738769245851e-01,-5.673718621117570526e-01,-8.380097926055992685e-01,6.209204205650663555e-01,-3.413280743931446093e-01,-5.539117094069971881e-01,-3.723088252863993586e-01,-4.020151261036848389e-01,-5.270462766947299205e-01,-4.448782605013045233e-01,9.085135251589957495e-01,1.081578162110680363e+00,-2.158055883922344390e-02,5.937292558915763241e-01,-1.168260528165928624e-01,3.407282602859918463e-01,-2.545875386086577929e-01,-6.074928962939559751e-01,1.202833534051282571e+00,-3.413280743931444983e-01,-3.413280743931445538e-01,-2.346185661017325674e-01
7.625656116427884657e-01,1.164834915852359432e+00,3.922813302768512478e-01,6.153133217461920906e-02,-2.438540865107273192e-01,-1.140309272113678718e+00,-6.456586760075264664e-01,-9.748845216578871931e-01,-1.610512340840640766e+00,-3.413280743931446093e-01,-5.539117094069971881e-01,-3.723088252863993586e-01,-4.020151261036848389e-01,-5.270462766947299205e-01,-4.448782605013045233e-01,9.085135251589957495e-01,1.081578162110680363e+00,-2.158055883922344390e-02,-9.498089027095300008e-01,7.662253323229126778e-01,8.176840178960641525e-01,-2.545875386086577929e-01,-6.074928962939559751e-01,1.202833534051282571e+00,-3.413280743931444983e-01,-3.413280743931445538e-01,-2.346185661017325674e-01
5.687908101218088763e-01,4.574595905769767712e-01,1.275883302027961186e+00,8.348314634376541310e-01,-8.893184174359243244e-01,-7.380077724544514828e-02,-5.480838065142487059e-01,-1.078717671626259866e+00,6.209204205650663555e-01,-3.413280743931446093e-01,-5.539117094069971881e-01,-3.723088252863993586e-01,-4.020151261036848389e-01,-5.270462766947299205e-01,-4.448782605013045233e-01,9.085135251589957495e-01,1.081578162110680363e+00,3.342342281068040599e-02,-5.412252724915900259e-01,-5.373267124068337175e-01,8.910618267591523534e-01,-2.545875386086577929e-01,-6.074928962939559751e-01,1.202833534051282571e+00,-3.413280743931444983e-01,-3.413280743931445538e-01,-2.346185661017325674e-01
-1.405986279251516313e+00,-2.202239990851074136e+00,-2.872393939739210228e-02,-8.718860980579076214e-01,6.010447342792827330e-01,1.189482943784336610e+00,-1.044585277715554400e-01,1.357446452840804563e+00,6.209204205650663555e-01,-3.413280743931446093e-01,-5.539117094069971881e-01,-3.723088252863993586e-01,-4.020151261036848389e-01,-5.270462766947299205e-01,2.247805947796065240e+00,-1.100699078558014188e+00,-9.245748805139686333e-01,7.873084149954217015e-01,5.029328936209231937e-01,-7.475770422019543116e-01,-9.433833948180501139e-01,-2.545875386086577929e-01,-6.074928962939559751e-01,-8.313702367707394014e-01,2.929732638541157730e+00,-3.413280743931445538e-01,-2.346185661017325674e-01
-8.804047465241572334e-01,-1.001876680391040830e+00,-1.159526128659084776e+00,-1.071308170110529812e+00,-2.458605644643263935e-02,-5.818074557385025658e-01,-4.654207110963555216e-01,3.870822685056886647e-01,-1.610512340840640766e+00,-3.413280743931446093e-01,1.805341867696879987e+00,-3.723088252863993586e-01,-4.020151261036848389e-01,-5.270462766947299205e-01,-4.448782605013045233e-01,-1.100699078558014188e+00,-9.245748805139686333e-01,-3.440549543621317097e-02,-1.086003446115510140e+00,1.733376849380466433e+00,2.306615469913595451e-01,-2.545875386086577929e-01,1.646109783506203295e+00,-8.313702367707394014e-01,-3.413280743931444983e-01,-3.413280743931445538e-01,-2.346185661017325674e-01
-2.081087838266236112e+00,-7.852253997713439793e-01,-1.642809049204583927e+00,-5.789586346261814676e-01,1.662996756547080235e+00,1.915665970151414044e+00,6.631736681091148222e-01,9.579361753354775910e-01,-1.610512340840640766e+00,-3.413280743931446093e-01,1.805341867696879987e+00,-3.723088252863993586e-01,-4.020151261036848389e-01,-5.270462766947299205e-01,-4.448782605013045233e-01,-1.100699078558014188e+00,-9.245748805139686333e-01,-2.082596919271794966e-01,1.229303791786149791e+00,-1.083977569874146951e+00,-9.433833948180501139e-01,-2.545875386086577929e-01,1.646109783506203295e+00,-8.313702367707394014e-01,-3.413280743931444983e-01,-3.413280743931445538e-01,-2.346185661017325674e-01
1.106313506826807069e+00,1.035634922808162051e+00,8.554148042177606159e-01,1.212770999515229375e+00,-1.267512698165586260e-01,-5.766282440439916002e-01,-5.184223428642987797e-01,-1.534703273486470065e+00,6.209204205650663555e-01,-3.413280743931446093e-01,-5.539117094069971881e-01,-3.723088252863993586e-01,-4.020151261036848389e-01,-5.270462766947299205e-01,-4.448782605013045233e-01,9.085135251589957495e-01,1.081578162110680363e+00,-3.106799256119499031e-01,-1.176799808386163271e+00,-2.850263166526894043e-01,1.257950871074593469e+00,-2.545875386086577929e-01,-6.074928962939559751e-01,1.202833534051282571e+00,-3.413280743931444983e-01,-3.413280743931445538e-01,-2.346185661017325674e-01
-1.313512372846876441e-01,-9.551144634652379839e-01,1.179527720196785534e+00,-1.097876743633995567e+00,-5.048774639269790754e-01,4.435728755408309687e-01,7.399650763060208747e-02,1.040882074474305474e+00,6.209204205650663555e-01,-3.413280743931446093e-01,-5.539117094069971881e-01,-3.723088252863993586e-01,-4.020151261036848389e-01,-5.270462766947299205e-01,-4.448782605013045233e-01,-1.100699078558014188e+00,-9.245748805139686333e-01,-1.858370871151169501e+00,5.029328936209231937e-01,-5.793767783658577697e-01,-6.498721593656976436e-01,-2.545875386086577929e-01,-6.074928962939559751e-01,-8.313702367707394014e-01,-3.413280743931444983e-01,2.929732638541157730e+00,-2.346185661017325674e-01
9.712200214886594907e-01,4.124939000709247350e-01,1.246020707612822909e+00,8.655366325334591382e-01,-8.304339521585379913e-01,-8.237341886687827852e-01,-5.467871305076935640e-01,-1.142944742530506153e+00,6.209204205650663555e-01,-3.413280743931446093e-01,-5.539117094069971881e-01,-3.723088252863993586e-01,-4.020151261036848389e-01,-5.270462766947299205e-01,-4.448782605013045233e-01,9.085135251589957495e-01,1.081578162110680363e+00,-2.158055883922344390e-02,-4.958270913562634608e-01,9.342427697852774549e-02,2.673504514229037010e-01,-2.545875386086577929e-01,-6.074928962939559751e-01,1.202833534051282571e+00,-3.413280743931444983e-01,-3.413280743931445538e-01,-2.346185661017325674e-01
1.182371282701935256e+00,2.576354238888677872e-01,3.757975308463372688e-01,1.021701235086350801e+00,-5.024241153388470105e-01,-1.179966566364591518e+00,-5.934674667436802276e-01,-1.481874556665775167e+00,6.209204205650663555e-01,-3.413280743931446093e-01,-5.539117094069971881e-01,-3.723088252863993586e-01,-4.020151261036848389e-01,-5.270462766947299205e-01,-4.448782605013045233e-01,9.085135251589957495e-01,1.081578162110680363e+00,-3.790038668381321862e+00,-9.044107215742032135e-01,7.662253323229126778e-01,4.874838780121677484e-01,-2.545875386086577929e-01,-6.074928962939559751e-01,1.202833534051282571e+00,-3.413280743931444983e-01,-3.413280743931445538e-01,-2.346185661017325674e-01
-3.580100474161873048e-01,-8.089339453107513567e-01,-3.471051383157325865e-01,-1.262621166333109113e-01,-4.100361724541929376e-01,2.806018497875180984e+00,-5.172877513585630860e-01,1.081901726398706742e+00,6.209204205650663555e-01,2.929732638541158174e+00,-5.539117094069971881e-01,2.685942239566167178e+00,2.487468592766549857e+00,1.897366596101027758e+00,-4.448782605013045233e-01,9.085135251589957495e-01,-9.245748805139686333e-01,7.877167289842685882e-01,2.228063776763336445e+00,-1.840878757136580557e+00,-4.297387327764335407e-01,-2.545875386086577929e-01,-6.074928962939559751e-01,-8.313702367707394014e-01,-3.413280743931444983e-01,2.929732638541157730e+00,-2.346185661017325674e-01
-1.008731982596706017e-01,-2.431305864371388736e+00,-5.873604038875144262e-01,-3.560813294154729358e-01,-1.283580109629707033e+00,3.306545512411633858e-01,7.902479167515230607e-01,1.421955573846314991e+00,6.209204205650663555e-01,-3.413280743931446093e-01,-5.539117094069971881e-01,-3.723088252863993586e-01,-4.020151261036848389e-01,1.897366596101027758e+00,2.247805947796065240e+00,-1.100699078558014188e+00,-9.245748805139686333e-01,4.583619852295849895e-01,-3.142343668149567559e-01,-7.477598685756874086e-02,-1.383650247996578875e+00,-2.545875386086577929e-01,-6.074928962939559751e-01,-8.313702367707394014e-01,-3.413280743931444983e-01,-3.413280743931445538e-01,4.262237284181475516e+00
-3.942801502363813548e-01,1.075685305022913152e+00,-1.514419696000924409e+00,-1.068507741487955354e+00,5.292376601061800079e-01,-8.395595577353452965e-01,-5.398174969724593986e-01,1.546224890902423432e-01,6.209204205650663555e-01,-3.413280743931446093e-01,-5.539117094069971881e-01,-3.723088252863993586e-01,-4.020151261036848389e-01,-5.270462766947299205e-01,-4.448782605013045233e-01,-1.100699078558014188e+00,-9.245748805139686333e-01,5.920798238853529627e-01,-1.086003446115510140e+00,2.280027706847779889e+00,-1.362274973240811260e-01,-2.545875386086577929e-01,1.646109783506203295e+00,-8.313702367707394014e-01,-3.413280743931444983e-01,-3.413280743931445538e-01,-2.346185661017325674e-01
-1.996534556725680698e+00,-1.225011040025481446e+00,-9.415926025658731546e-02,-6.958633820664444913e-01,1.133652724371660980e+00,1.811053087271866424e+00,1.386070541763631425e+00,8.395098129190503577e-01,-1.610512340840640766e+00,-3.413280743931446093e-01,1.805341867696879987e+00,-3.723088252863993586e-01,-4.020151261036848389e-01,-5.270462766947299205e-01,-4.448782605013045233e-01,-1.100699078558014188e+00,-9.245748805139686333e-01,1.223717693001635354e+00,6.391274370269031113e-01,-6.214268443248819329e-01,5.975505913068002162e-01,-2.545875386086577929e-01,1.646109783506203295e+00,-8.313702367707394014e-01,-3.413280743931444983e-01,-3.413280743931445538e-01,-2.346185661017325674e-01
3.961487630476914767e-01,7.936269491211211946e-01,3.856471655197466486e-01,-2.852392245196391229e-01,1.260977150350345299e-01,-9.398433135849499909e-01,-6.252360289042823149e-01,-1.040510190621313891e+00,6.209204205650663555e-01,-3.413280743931446093e-01,-5.539117094069971881e-01,-3.723088252863993586e-01,-4.020151261036848389e-01,-5.270462766947299205e-01,-4.448782605013045233e-01,9.085135251589957495e-01,1.081578162110680363e+00,-2.158055883922344390e-02,-8.136143593035499721e-01,-7.477598685756874086e-02,1.551462106526945384e+00,-2.545875386086577929e-01,-6.074928962939559751e-01,1.202833534051282571e+00,-3.413280743931444983e-01,-3.413280743931445538e-01,-2.346185661017325674e-01
-3.544951945010569871e-01,-6.178647806682143750e-01,1.052785166297878217e+00,1.786995977330404273e+00,8.716423882519472865e-01,1.640565750677210055e-01,1.050879794069115691e+00,-1.412463743295182761e+00,6.209204205650663555e-01,-3.413280743931446093e-01,-5.539117094069971881e-01,-3.723088252863993586e-01,-4.020151261036848389e-01,-5.270462766947299205e-01,-4.448782605013045233e-01,9.085135251589957495e-01,1.081578162110680363e+00,2.440860515669603936e-01,4.121365313502698413e-01,2.616245408146237184e-01,3.040393558544478014e-01,-2.545875386086577929e-01,-6.074928962939559751e-01,1.202833534051282571e+00,-3.413280743931444983e-01,-3.413280743931445538e-01,-2.346185661017325674e-01
2.243137770236161843e-01,-2.319644568282178465e+00,-1.458861012386124534e+00,-8.100794550779903958e-01,-1.264307215262900463e+00,-7.346805209214927190e-01,-2.425545224696828428e-01,1.421955573846314991e+00,6.209204205650663555e-01,-3.413280743931446093e-01,-5.539117094069971881e-01,-3.723088252863993586e-01,-4.020151261036848389e-01,1.897366596101027758e+00,2.247805947796065240e+00,-1.100699078558014188e+00,-9.245748805139686333e-01,4.583619852295849895e-01,-3.142343668149567559e-01,-7.477598685756874086e-02,-1.383650247996578875e+00,-2.545875386086577929e-01,-6.074928962939559751e-01,-8.313702367707394014e-01,-3.413280743931444983e-01,-3.413280743931445538e-01,4.262237284181475516e+00
2.288745068470881272e-01,9.773491220470615914e-01,8.373427858734243667e-01,-9.484442946271597341e-01,-5.323646523847993528e-01,-3.177517378141159893e-02,-2.195385233533282965e-01,9.579361753354775910e-01,-1.610512340840640766e+00,-3.413280743931446093e-01,1.805341867696879987e+00,-3.723088252863993586e-01,-4.020151261036848389e-01,-5.270462766947299205e-01,-4.448782605013045233e-01,-1.100699078558014188e+00,-9.245748805139686333e-01,2.744408792772785183e-02,2.636647406981276642e+00,-1.083977569874146951e+00,-9.433833948180501139e-01,-2.545875386086577929e-01,1.646109783506203295e+00,-8.313702367707394014e-01,-3.413280743931444983e-01,-3.413280743931445538e-01,-2.346185661017325674e-01
1.575936209313471448e+00,1.179812921851912444e+00,5.909466777763514589e-01,7.031873708494016384e-01,-9.808674411526752124e-01,-2.572003627850115715e-01,-4.947580057446666069e-01,-6.039669733522730066e-01,6.209204205650663555e-01,2.929732638541158174e+00,-5.539117094069971881e-01,2.685942239566167178e+00,2.487468592766549857e+00,1.897366596101027758e+00,-4.448782605013045233e-01,9.085135251589957495e-01,-9.245748805139686333e-01,-4.223523269777364475e-01,-9.498089027095300008e-01,-3.270763826117135120e-01,2.285240195157826726e+00,-2.545875386086577929e-01,-6.074928962939559751e-01,-8.313702367707394014e-01,-3.413280743931444983e-01,2.929732638541157730e+00,-2.346185661017325674e-01
8.885339267084745307e-01,1.140139630082406930e+00,1.734848406962194334e+00,7.957494253568164755e-01,-4.578764699227664270e-01,5.286155315647044217e-01,-6.385269579714729637e-01,-1.078717671626259866e+00,6.209204205650663555e-01,-3.413280743931446093e-01,-5.539117094069971881e-01,-3.723088252863993586e-01,-4.020151261036848389e-01,-5.270462766947299205e-01,-4.448782605013045233e-01,9.085135251589957495e-01,1.081578162110680363e+00,3.342342281068040599e-02,-5.412252724915900259e-01,-5.373267124068337175e-01,8.910618267591523534e-01,-2.545875386086577929e-01,-6.074928962939559751e-01,1.202833534051282571e+00,-3.413280743931444983e-01,-3.413280743931445538e-01,-2.346185661017325674e-01
-1.728629164050233369e+00,-1.254356123227995612e+00,-7.847161423751827236e-01,-6.260430531717131597e-01,3.335344776955663004e+00,2.212974854799669266e+00,-6.377531806588647434e-02,3.860311878173561251e-01,6.209204205650663555e-01,-3.413280743931446093e-01,-5.539117094069971881e-01,-3.723088252863993586e-01,-4.020151261036848389e-01,1.897366596101027758e+00,2.247805947796065240e+00,-1.100699078558014188e+00,-9.245748805139686333e-01,-1.044406692138766912e+00,4.121365313502698413e-01,-7.475770422019543116e-01,-1.457028056859666965e+00,-2.545875386086577929e-01,-6.074928962939559751e-01,-8.313702367707394014e-01,-3.413280743931444983e-01,-3.413280743931445538e-01,4.262237284181475516e+00
5.172791645637538904e-01,1.193089882454019479e+00,-1.533329858604018728e-02,-9.477343268073521454e-01,-2.757942461266852385e-01,-1.535127688308203231e+00,-6.570045910648842913e-01,-4.330899796689750003e-01,6.209204205650663555e-01,-3.413280743931446093e-01,-5.539117094069971881e-01,-3.723088252863993586e-01,-4.020151261036848389e-01,-5.270462766947299205e-01,-4.448782605013045233e-01,9.085135251589957495e-01,1.081578162110680363e+00,8.447278445519630641e-02,-7.228179970328966197e-01,1.270826123831201970e+00,-6.865610637972416885e-01,-2.545875386086577929e-01,-6.074928962939559751e-01,1.202833534051282571e+00,-3.413280743931444983e-01,-3.413280743931445538e-01,-2.346185661017325674e-01
1.337024616873378591e+00,3.757579114877099835e-01,1.456833197736041141e+00,1.468851508743288736e+00,-8.462097487571742516e-01,5.930679437630661521e-01,-3.511511380186797537e-01,-2.815704070039136697e-01,6.209204205650663555e-01,-3.413280743931446093e-01,-5.539117094069971881e-01,-3.723088252863993586e-01,-4.020151261036848389e-01,-5.270462766947299205e-01,-4.448782605013045233e-01,9.085135251589957495e-01,1.081578162110680363e+00,6.977873637938869500e-01,-5.866234536269165911e-01,3.877747386916960415e-01,7.076173046014324619e-01,3.927922024247863853e+00,-6.074928962939559751e-01,-8.313702367707394014e-01,-3.413280743931444983e-01,-3.413280743931445538e-01,-2.346185661017325674e-01
-6.492583801043899649e-01,-2.112824856719049404e-01,3.420554192175425112e-01,-4.646538156371592954e-01,-2.076396962892284315e-01,2.083069601477339994e+00,1.558204281633832178e+00,9.579361753354775910e-01,-1.610512340840640766e+00,-3.413280743931446093e-01,1.805341867696879987e+00,-3.723088252863993586e-01,-4.020151261036848389e-01,-5.270462766947299205e-01,-4.448782605013045233e-01,-1.100699078558014188e+00,-9.245748805139686333e-01,2.744408792772785183e-02,2.636647406981276642e+00,-1.083977569874146951e+00,-9.433833948180501139e-01,-2.545875386086577929e-01,1.646109783506203295e+00,-8.313702367707394014e-01,-3.413280743931444983e-01,-3.413280743931445538e-01,-2.346185661017325674e-01
2.742294825466257691e-01,6.216684089437024552e-01,1.012640967757840960e+00,5.033478640138374649e-01,-8.213274305377300799e-02,-3.859181600927664157e-01,2.884343022146659274e-01,-5.820025605568164284e-01,6.209204205650663555e-01,-3.413280743931446093e-01,-5.539117094069971881e-01,-3.723088252863993586e-01,-4.020151261036848389e-01,-5.270462766947299205e-01,-4.448782605013045233e-01,9.085135251589957495e-01,1.081578162110680363e+00,4.321569917809484074e-01,9.434926340298355196e-02,-5.373267124068337175e-01,-9.953859289253698395e-02,-2.545875386086577929e-01,-6.074928962939559751e-01,1.202833534051282571e+00,-3.413280743931444983e-01,-3.413280743931445538e-01,-2.346185661017325674e-01
3.125928976462223341e-01,1.357947600972359226e+00,-4.662265568304502783e-01,-7.938824441300266210e-01,1.460200972041982535e-02,-1.054151562277926724e+00,-6.558699995591485976e-01,-4.330899796689750003e-01,6.209204205650663555e-01,-3.413280743931446093e-01,-5.539117094069971881e-01,-3.723088252863993586e-01,-4.020151261036848389e-01,-5.270462766947299205e-01,-4.448782605013045233e-01,9.085135251589957495e-01,1.081578162110680363e+00,8.447278445519630641e-02,-7.228179970328966197e-01,1.270826123831201970e+00,-6.865610637972416885e-01,-2.545875386086577929e-01,-6.074928962939559751e-01,1.202833534051282571e+00,-3.413280743931444983e-01,-3.413280743931445538e-01,-2.346185661017325674e-01
1.650300706883248703e+00,8.170170185861153067e-01,5.287259424287020781e-01,1.190112883665941146e+00,-9.075566149392597648e-01,-1.169751567299417205e+00,-6.466311830124428228e-01,-6.257001344406714072e-01,6.209204205650663555e-01,-3.413280743931446093e-01,-5.539117094069971881e-01,-3.723088252863993586e-01,-4.020151261036848389e-01,-5.270462766947299205e-01,-4.448782605013045233e-01,9.085135251589957495e-01,1.081578162110680363e+00,3.401864780230623997e-01,-7.682161781682234070e-01,6.400751344458402992e-01,7.809951134645205517e-01,3.927922024247863853e+00,-6.074928962939559751e-01,-8.313702367707394014e-01,-3.413280743931444983e-01,-3.413280743931445538e-01,-2.346185661017325674e-01
-1.877211971961710413e+00,-5.805952519603381212e-01,-8.343933461383820083e-01,-5.409946909020912909e-01,1.087017897074939121e+00,1.606196223534481771e+00,9.794005292077607727e-01,1.252249037624987738e+00,-1.610512340840640766e+00,-3.413280743931446093e-01,1.805341867696879987e+00,-3.723088252863993586e-01,-4.020151261036848389e-01,-5.270462766947299205e-01,-4.448782605013045233e-01,-1.100699078558014188e+00,-9.245748805139686333e-01,-5.549280089585372222e-01,1.456294697462782839e+00,-9.157773060380502983e-01,-1.090139012544226516e+00,-2.545875386086577929e-01,1.646109783506203295e+00,-8.313702367707394014e-01,-3.413280743931444983e-01,-3.413280743931445538e-01,-2.346185661017325674e-01
-1.072779953108898843e+00,4.966319711580170493e-01,-1.042753087049536509e+00,-1.216231759995063610e+00,1.785861458135472146e+00,2.587046135421764981e-01,-5.172877513585630860e-01,7.502691204200732100e-01,-1.610512340840640766e+00,-3.413280743931446093e-01,1.805341867696879987e+00,-3.723088252863993586e-01,-4.020151261036848389e-01,-5.270462766947299205e-01,-4.448782605013045233e-01,-1.100699078558014188e+00,-9.245748805139686333e-01,-2.766990527752746787e-02,1.955674689951375944e+00,-7.896271081609779197e-01,-1.383650247996578875e+00,-2.545875386086577929e-01,1.646109783506203295e+00,-8.313702367707394014e-01,-3.413280743931444983e-01,-3.413280743931445538e-01,-2.346185661017325674e-01
6.723187463082908044e-01,1.504837995292704456e+00,1.369447483787020303e+00,1.838324021192047519e+00,4.237030207911659518e-01,5.907660718988385629e-01,5.404631570578973587e+00,-1.838063624825853726e+00,-1.610512340840640766e+00,-3.413280743931446093e-01,-5.539117094069971881e-01,2.685942239566167178e+00,-4.020151261036848389e-01,-5.270462766947299205e-01,-4.448782605013045233e-01,-1.100699078558014188e+00,-9.245748805139686333e-01,4.621826074553798125e-01,-5.412252724915900259e-01,4.298248046507202047e-01,1.111195253348417067e+00,-2.545875386086577929e-01,1.646109783506203295e+00,-8.313702367707394014e-01,-3.413280743931444983e-01,-3.413280743931445538e-01,-2.346185661017325674e-01
-1.298307637361239220e+00,-9.239046321731868572e-01,4.302549832471630475e-02,-1.270256930283279795e+00,4.648910611718415353e-01,1.437106809578576838e+00,3.450378744199487979e+00,1.197093971792338785e+00,-1.610512340840640766e+00,-3.413280743931446093e-01,1.805341867696879987e+00,-3.723088252863993586e-01,2.487468592766549857e+00,1.897366596101027758e+00,-4.448782605013045233e-01,-1.100699078558014188e+00,-9.245748805139686333e-01,1.223300108726151914e+00,1.320100154056803143e+00,-1.126027635833171114e+00,-1.016761203681138426e+00,-2.545875386086577929e-01,1.646109783506203295e+00,-8.313702367707394014e-01,-3.413280743931444983e-01,-3.413280743931445538e-01,-2.346185661017325674e-01
2.196280067567489169e+00,1.069094333482959014e+00,1.519619663603420712e+00,1.356651844880101931e+00,-9.542997836962499036e-01,-1.826585287587559892e+00,-6.403098874804863394e-01,-2.815704070039136697e-01,6.209204205650663555e-01,-3.413280743931446093e-01,-5.539117094069971881e-01,-3.723088252863993586e-01,-4.020151261036848389e-01,-5.270462766947299205e-01,-4.448782605013045233e-01,9.085135251589957495e-01,1.081578162110680363e+00,6.977873637938869500e-01,-5.866234536269165911e-01,3.877747386916960415e-01,7.076173046014324619e-01,3.927922024247863853e+00,-6.074928962939559751e-01,-8.313702367707394014e-01,-3.413280743931444983e-01,-3.413280743931445538e-01,-2.346185661017325674e-01
-8.230581423399445651e-01,-4.590140235533763935e-01,-1.860293140632437170e-01,-1.292860536436022112e-01,1.276154097527244236e-01,2.761577348555853684e-01,3.435430324932613466e-01,7.020964213009192045e-01,6.209204205650663555e-01,-3.413280743931446093e-01,-5.539117094069971881e-01,-3.723088252863993586e-01,-4.020151261036848389e-01,-5.270462766947299205e-01,2.247805947796065240e+00,-1.100699078558014188e+00,1.081578162110680363e+00,7.873084149954217015e-01,4.895108226765683412e-02,2.195744748555996106e-01,-5.398054460710655089e-01,-2.545875386086577929e-01,-6.074928962939559751e-01,-8.313702367707394014e-01,2.929732638541157730e+00,-3.413280743931445538e-01,-2.346185661017325674e-01
1.654784698818107802e-01,7.036602538150524833e-01,-4.370731349648468433e-01,-8.579346669321643581e-01,-4.744627050518037126e-01,-7.911955856737425963e-01,-6.539249855493157737e-01,-1.068971732624353077e+00,6.209204205650663555e-01,-3.413280743931446093e-01,-5.539117094069971881e-01,-3.723088252863993586e-01,-4.020151261036848389e-01,-5.270462766947299205e-01,-4.448782605013045233e-01,9.085135251589957495e-01,1.081578162110680363e+00,-1.951329660445921821e-01,-9.498089027095300008e-01,1.144675925954129703e+00,-1.362274973240811260e-01,-2.545875386086577929e-01,-6.074928962939559751e-01,1.202833534051282571e+00,-3.413280743931444983e-01,-3.413280743931445538e-01,-2.346185661017325674e-01
-3.683621201133062684e-01,7.704784294268481881e-01,1.705316474760427692e-01,-1.424522795130043429e+00,-5.258200837043660592e-01,3.924762527375518228e-01,4.798560976823752489e-01,1.197093971792338785e+00,-1.610512340840640766e+00,-3.413280743931446093e-01,1.805341867696879987e+00,-3.723088252863993586e-01,2.487468592766549857e+00,1.897366596101027758e+00,-4.448782605013045233e-01,-1.100699078558014188e+00,-9.245748805139686333e-01,1.223300108726151914e+00,1.320100154056803143e+00,-1.126027635833171114e+00,-1.016761203681138426e+00,-2.545875386086577929e-01,1.646109783506203295e+00,-8.313702367707394014e-01,-3.413280743931444983e-01,-3.413280743931445538e-01,-2.346185661017325674e-01
1.019045955729188657e+00,-7.807638026312310742e-02,1.094093768386727783e+00,9.221236972825694878e-01,-3.683507670575997817e-01,-6.092572777194121825e-01,-4.129053328308704418e-01,-1.481874556665775167e+00,6.209204205650663555e-01,-3.413280743931446093e-01,-5.539117094069971881e-01,-3.723088252863993586e-01,-4.020151261036848389e-01,-5.270462766947299205e-01,-4.448782605013045233e-01,9.085135251589957495e-01,1.081578162110680363e+00,-3.790038668381321862e+00,-9.044107215742032135e-01,7.662253323229126778e-01,4.874838780121677484e-01,-2.545875386086577929e-01,-6.074928962939559751e-01,1.202833534051282571e+00,-3.413280743931444983e-01,-3.413280743931445538e-01,-2.346185661017325674e-01
-3.469896304179008073e+00,-1.285486216655262082e+00,-3.508211258297283308e+00,4.253634241318325626e-03,6.066400907083554506e-01,-3.847384507623508032e-01,-4.879504567102518342e-01,1.537649207885221747e+00,6.209204205650663555e-01,-3.413280743931446093e-01,1.805341867696879987e+00,-3.723088252863993586e-01,-4.020151261036848389e-01,-5.270462766947299205e-01,-4.448782605013045233e-01,-1.100699078558014188e+00,-9.245748805139686333e-01,-8.006495488121805337e-01,-4.050307290856100528e-01,1.102625859995105539e+00,-9.433833948180501139e-01,-2.545875386086577929e-01,1.646109783506203295e+00,-8.313702367707394014e-01,-3.413280743931444983e-01,-3.413280743931445538e-01,-2.346185661017325674e-01
-1.976676773206606619e+00,-2.044509873998070049e+00,-2.243086802511787159e+00,-6.888619875108240032e-02,1.312509846892651488e+00,1.416620149986956623e+00,1.376507556215286865e+00,1.357446452840804563e+00,6.209204205650663555e-01,-3.413280743931446093e-01,-5.539117094069971881e-01,-3.723088252863993586e-01,-4.020151261036848389e-01,-5.270462766947299205e-01,2.247805947796065240e+00,-1.100699078558014188e+00,-9.245748805139686333e-01,7.873084149954217015e-01,5.029328936209231937e-01,-7.475770422019543116e-01,-9.433833948180501139e-01,-2.545875386086577929e-01,-6.074928962939559751e-01,-8.313702367707394014e-01,2.929732638541157730e+00,-3.413280743931445538e-01,-2.346185661017325674e-01
1.173380836679028594e+00,1.744444891275887422e+00,5.261975232941361602e-01,4.625378619271198199e-01,-1.134215178286954950e+00,-9.122411618483192708e-01,-5.787177771691149886e-01,-6.039669733522730066e-01,6.209204205650663555e-01,2.929732638541158174e+00,-5.539117094069971881e-01,2.685942239566167178e+00,2.487468592766549857e+00,1.897366596101027758e+00,-4.448782605013045233e-01,9.085135251589957495e-01,-9.245748805139686333e-01,-4.223523269777364475e-01,-9.498089027095300008e-01,-3.270763826117135120e-01,2.285240195157826726e+00,-2.545875386086577929e-01,-6.074928962939559751e-01,-8.313702367707394014e-01,-3.413280743931444983e-01,2.929732638541157730e+00,-2.346185661017325674e-01
-5.330890849051304059e-01,-1.573166530630050186e-01,-1.037873681702128792e+00,-6.365712084483462485e-01,-4.161444365559308634e-01,-6.744002514770425227e-01,-5.109664558266064915e-01,-1.068971732624353077e+00,6.209204205650663555e-01,-3.413280743931446093e-01,-5.539117094069971881e-01,-3.723088252863993586e-01,-4.020151261036848389e-01,-5.270462766947299205e-01,-4.448782605013045233e-01,9.085135251589957495e-01,1.081578162110680363e+00,-1.951329660445921821e-01,-9.498089027095300008e-01,1.144675925954129703e+00,-1.362274973240811260e-01,-2.545875386086577929e-01,-6.074928962939559751e-01,1.202833534051282571e+00,-3.413280743931444983e-01,-3.413280743931445538e-01,-2.346185661017325674e-01
-1.847613796459385060e+00,-7.575505400646827259e-02,-3.057965362268845744e-01,-1.229499518405436476e+00,2.819214991988007402e+00,2.564218367897432849e+00,2.711111335962212543e+00,1.197093971792338785e+00,-1.610512340840640766e+00,-3.413280743931446093e-01,1.805341867696879987e+00,-3.723088252863993586e-01,2.487468592766549857e+00,1.897366596101027758e+00,-4.448782605013045233e-01,-1.100699078558014188e+00,-9.245748805139686333e-01,1.223300108726151914e+00,1.320100154056803143e+00,-1.126027635833171114e+00,-1.016761203681138426e+00,-2.545875386086577929e-01,1.646109783506203295e+00,-8.313702367707394014e-01,-3.413280743931444983e-01,-3.413280743931445538e-01,-2.346185661017325674e-01
5.153678213597259195e-01,-9.741492906720990164e-02,1.115552062357709096e+00,9.793944347470476819e-01,-4.082176816147442544e-01,-4.204750114544781314e-01,-4.474293315054023168e-01,-1.412463743295182761e+00,6.209204205650663555e-01,-3.413280743931446093e-01,-5.539117094069971881e-01,-3.723088252863993586e-01,-4.020151261036848389e-01,-5.270462766947299205e-01,-4.448782605013045233e-01,9.085135251589957495e-01,1.081578162110680363e+00,2.440860515669603936e-01,4.121365313502698413e-01,2.616245408146237184e-01,3.040393558544478014e-01,-2.545875386086577929e-01,-6.074928962939559751e-01,1.202833534051282571e+00,-3.413280743931444983e-01,-3.413280743931445538e-01,-2.346185661017325674e-01
-6.118667036152972694e-01,1.401444923135332310e+00,-9.747519197988493422e-01,-1.130472155094495834e+00,5.276523091179432523e-01,-1.258987143096602368e-01,-5.247436383962553741e-01,-5.768841108798479222e-01,-1.610512340840640766e+00,-3.413280743931446093e-01,1.805341867696879987e+00,-3.723088252863993586e-01,-4.020151261036848389e-01,-5.270462766947299205e-01,-4.448782605013045233e-01,-1.100699078558014188e+00,-9.245748805139686333e-01,-1.438793306560386953e-01,-1.040605264980183353e+00,-2.850263166526894043e-01,2.175173481863194702e+00,-2.545875386086577929e-01,1.646109783506203295e+00,-8.313702367707394014e-01,-3.413280743931444983e-01,-3.413280743931445538e-01,-2.346185661017325674e-01
1.798408988586247981e+00,1.573232071272705923e+00,8.043236280963643736e-01,3.917898650721800546e+00,-4.588867426113492076e-01,-7.055330684407157271e-01,-5.062660053028439355e-01,-6.142478809052281941e-01,6.209204205650663555e-01,-3.413280743931446093e-01,-5.539117094069971881e-01,-3.723088252863993586e-01,-4.020151261036848389e-01,-5.270462766947299205e-01,-4.448782605013045233e-01,9.085135251589957495e-01,1.081578162110680363e+00,-4.563316028066297103e-02,-9.952070838448566770e-01,1.060575794036081376e+00,-2.616078402944881087e-02,-2.545875386086577929e-01,-6.074928962939559751e-01,1.202833534051282571e+00,-3.413280743931444983e-01,-3.413280743931445538e-01,-2.346185661017325674e-01
3.593649082219291246e-01,7.269385535396469811e-01,-6.423170829464646125e-01,-2.402964716909781751e-01,8.136786955734760449e-03,-6.212434533552814164e-01,-6.440378309993324280e-01,1.753510305018206872e-01,6.209204205650663555e-01,-3.413280743931446093e-01,-5.539117094069971881e-01,-3.723088252863993586e-01,-4.020151261036848389e-01,-5.270462766947299205e-01,-4.448782605013045233e-01,9.085135251589957495e-01,1.081578162110680363e+00,4.862795703068480829e-02,-1.267596170656816623e+00,2.700528366438020189e+00,-6.865610637972416885e-01,-2.545875386086577929e-01,-6.074928962939559751e-01,1.202833534051282571e+00,-3.413280743931444983e-01,-3.413280743931445538e-01,-2.346185661017325674e-01
3.057445671912548124e-01,6.186216682318448346e-01,1.990555738656751839e-01,5.409600470225597174e-02,2.300415177182534576e-01,-1.601620770086828183e-01,-2.394749169541142697e-01,-1.091513269114225526e+00,6.209204205650663555e-01,-3.413280743931446093e-01,-5.539117094069971881e-01,-3.723088252863993586e-01,-4.020151261036848389e-01,-5.270462766947299205e-01,-4.448782605013045233e-01,9.085135251589957495e-01,1.081578162110680363e+00,4.551350827254482256e-01,1.002312886109516299e+00,-1.336277965628291708e+00,-7.232499682287857334e-01,-2.545875386086577929e-01,-6.074928962939559751e-01,1.202833534051282571e+00,-3.413280743931444983e-01,-3.413280743931445538e-01,-2.346185661017325674e-01
-4.458004065985468611e-02,-1.648783781538268878e+00,-4.753558720492958023e-01,6.700062359375612564e-01,-1.053315649916609198e+00,1.000380055431405839e-02,-3.093333368072749834e-01,-7.258147742936315039e-01,6.209204205650663555e-01,2.929732638541158174e+00,-5.539117094069971881e-01,2.685942239566167178e+00,2.487468592766549857e+00,1.897366596101027758e+00,-4.448782605013045233e-01,9.085135251589957495e-01,-9.245748805139686333e-01,-4.223523269777364475e-01,-5.866234536269165911e-01,4.718748706097443124e-01,5.975505913068002162e-01,-2.545875386086577929e-01,-6.074928962939559751e-01,-8.313702367707394014e-01,-3.413280743931444983e-01,2.929732638541157730e+00,-2.346185661017325674e-01
-8.107826510031853617e-01,-1.461608841805601466e+00,-6.291569465111035431e-01,-7.120328991625625159e-01,1.167294804901462202e+00,8.943714614310871447e-01,2.145237698410203120e-01,1.357446452840804563e+00,6.209204205650663555e-01,-3.413280743931446093e-01,-5.539117094069971881e-01,-3.723088252863993586e-01,-4.020151261036848389e-01,-5.270462766947299205e-01,2.247805947796065240e+00,-1.100699078558014188e+00,-9.245748805139686333e-01,7.873084149954217015e-01,5.029328936209231937e-01,-7.475770422019543116e-01,-9.433833948180501139e-01,-2.545875386086577929e-01,-6.074928962939559751e-01,-8.313702367707394014e-01,2.929732638541157730e+00,-3.413280743931445538e-01,-2.346185661017325674e-01
1.221006715195233516e+00,-1.094443018778240156e-01,8.832812782635037774e-01,1.801800121128613430e+00,-7.691958845736847072e-01,-1.298924619940950431e-01,-4.067461217997333511e-01,-2.815704070039136697e-01,6.209204205650663555e-01,-3.413280743931446093e-01,-5.539117094069971881e-01,-3.723088252863993586e-01,-4.020151261036848389e-01,-5.270462766947299205e-01,-4.448782605013045233e-01,9.085135251589957495e-01,1.081578162110680363e+00,6.977873637938869500e-01,-5.866234536269165911e-01,3.877747386916960415e-01,7.076173046014324619e-01,3.927922024247863853e+00,-6.074928962939559751e-01,-8.313702367707394014e-01,-3.413280743931444983e-01,-3.413280743931445538e-01,-2.346185661017325674e-01
1.869385014993105443e-01,3.144203671564408942e-01,-6.570859973462072068e-01,-2.329545028877298973e-01,-2.844204206215061315e-01,-6.764143893582410527e-01,-6.082171563182454666e-01,-1.167796814639832981e+00,6.209204205650663555e-01,-3.413280743931446093e-01,-5.539117094069971881e-01,-3.723088252863993586e-01,-4.020151261036848389e-01,-5.270462766947299205e-01,-4.448782605013045233e-01,9.085135251589957495e-01,1.081578162110680363e+00,-2.367906845691939710e-01,-1.040605264980183353e+00,6.400751344458402992e-01,7.076173046014324619e-01,-2.545875386086577929e-01,-6.074928962939559751e-01,1.202833534051282571e+00,-3.413280743931444983e-01,-3.413280743931445538e-01,-2.346185661017325674e-01
